"BROKEN","EPIC","FAILED","FEATURE","PASSED","SKIPPED","STORY","UNKNOWN"
"0","","1","Authors API","1","0","Update Author","0"
"0","Books API","1","Create Book","2","0","","0"
"0","","0","Authors API","1","0","Get Authors","0"
"0","Authors API","0","Get Author By Id","2","0","","0"
"0","","1","Authors API","1","0","Delete Author","0"
"0","","0","Authors API","1","0","Create Author","0"
"0","Books API","0","Get Books","1","0","","0"
"0","Books API","0","Get Book By Id","2","0","","0"
"0","Books API","1","Delete Book","1","0","","0"
"0","Books API","0","Update Book","1","0","","0"
